{
  "deny": {
    "precision": 0.8571428571428571,
    "recall": 0.75,
    "f1-score": 0.7999999999999999,
    "support": 8,
    "confused_with": {
      "inform_throughput": 1,
      "ask_help": 1
    }
  },
  "greet": {
    "precision": 0.8,
    "recall": 1.0,
    "f1-score": 0.888888888888889,
    "support": 8,
    "confused_with": {}
  },
  "ask_lock": {
    "precision": 0.8823529411764706,
    "recall": 0.9375,
    "f1-score": 0.9090909090909091,
    "support": 16,
    "confused_with": {
      "ask_unlock": 1
    }
  },
  "ask_Ret": {
    "precision": 1.0,
    "recall": 1.0,
    "f1-score": 1.0,
    "support": 11,
    "confused_with": {}
  },
  "ask_unlock": {
    "precision": 0.875,
    "recall": 0.7777777777777778,
    "f1-score": 0.823529411764706,
    "support": 9,
    "confused_with": {
      "ask_lock": 2
    }
  },
  "ask_help": {
    "precision": 0.8461538461538461,
    "recall": 1.0,
    "f1-score": 0.9166666666666666,
    "support": 11,
    "confused_with": {}
  },
  "ask_session_extension": {
    "precision": 1.0,
    "recall": 1.0,
    "f1-score": 1.0,
    "support": 16,
    "confused_with": {}
  },
  "inform_site": {
    "precision": 1.0,
    "recall": 1.0,
    "f1-score": 1.0,
    "support": 16,
    "confused_with": {}
  },
  "affirm": {
    "precision": 0.75,
    "recall": 0.6666666666666666,
    "f1-score": 0.7058823529411765,
    "support": 9,
    "confused_with": {
      "greet": 1,
      "ask_Rollback": 1
    }
  },
  "inform_throughput": {
    "precision": 0.9459459459459459,
    "recall": 1.0,
    "f1-score": 0.9722222222222222,
    "support": 35,
    "confused_with": {}
  },
  "ask_Rollback": {
    "precision": 0.8888888888888888,
    "recall": 0.8,
    "f1-score": 0.8421052631578948,
    "support": 10,
    "confused_with": {
      "ask_status": 1,
      "affirm": 1
    }
  },
  "ask_status": {
    "precision": 0.9285714285714286,
    "recall": 1.0,
    "f1-score": 0.962962962962963,
    "support": 13,
    "confused_with": {}
  },
  "goodbye": {
    "precision": 1.0,
    "recall": 0.5,
    "f1-score": 0.6666666666666666,
    "support": 6,
    "confused_with": {
      "deny": 1,
      "ask_help": 1
    }
  },
  "finishing_test": {
    "precision": 1.0,
    "recall": 0.6666666666666666,
    "f1-score": 0.8,
    "support": 6,
    "confused_with": {
      "inform_throughput": 1,
      "greet": 1
    }
  },
  "Connection": {
    "precision": 0.9090909090909091,
    "recall": 1.0,
    "f1-score": 0.9523809523809523,
    "support": 10,
    "confused_with": {}
  },
  "accuracy": 0.9184782608695652,
  "macro avg": {
    "precision": 0.9122097877980231,
    "recall": 0.8732407407407408,
    "f1-score": 0.8826930864495365,
    "support": 184
  },
  "weighted avg": {
    "precision": 0.921015309146703,
    "recall": 0.9184782608695652,
    "f1-score": 0.9141074093692213,
    "support": 184
  },
  "micro avg": {
    "precision": 0.9184782608695652,
    "recall": 0.9184782608695652,
    "f1-score": 0.9184782608695652,
    "support": 184
  }
}