{
  "inform_throughput/good": {
    "precision": 0.75,
    "recall": 0.9,
    "f1-score": 0.8181818181818182,
    "support": 10,
    "confused_with": {
      "inform_throughput/low": 1
    }
  },
  "Connection/cannotconnect": {
    "precision": 1.0,
    "recall": 0.5,
    "f1-score": 0.6666666666666666,
    "support": 6,
    "confused_with": {
      "Connection/connected": 3
    }
  },
  "Connection/connected": {
    "precision": 0.5714285714285714,
    "recall": 1.0,
    "f1-score": 0.7272727272727273,
    "support": 4,
    "confused_with": {}
  },
  "inform_throughput/low": {
    "precision": 0.9565217391304348,
    "recall": 0.88,
    "f1-score": 0.9166666666666666,
    "support": 25,
    "confused_with": {
      "inform_throughput/good": 3
    }
  },
  "accuracy": 0.8444444444444444,
  "macro avg": {
    "precision": 0.8194875776397514,
    "recall": 0.82,
    "f1-score": 0.7821969696969696,
    "support": 45
  },
  "weighted avg": {
    "precision": 0.8821946169772256,
    "recall": 0.8444444444444444,
    "f1-score": 0.8446127946127945,
    "support": 45
  },
  "micro avg": {
    "precision": 0.8444444444444444,
    "recall": 0.8444444444444444,
    "f1-score": 0.8444444444444444,
    "support": 45
  }
}