{
  "Person": {
    "precision": 0.6666666666666666,
    "recall": 0.5,
    "f1-score": 0.5714285714285715,
    "support": 8,
    "confused_with": {}
  },
  "Sector": {
    "precision": 0.8518518518518519,
    "recall": 0.7666666666666667,
    "f1-score": 0.8070175438596491,
    "support": 30,
    "confused_with": {}
  },
  "Tech4g": {
    "precision": 0.9166666666666666,
    "recall": 0.7857142857142857,
    "f1-score": 0.8461538461538461,
    "support": 14,
    "confused_with": {}
  },
  "Tech3g": {
    "precision": 1.0,
    "recall": 0.5454545454545454,
    "f1-score": 0.7058823529411764,
    "support": 11,
    "confused_with": {
      "Tech4g": 1
    }
  },
  "time": {
    "precision": 0.0,
    "recall": 0.0,
    "f1-score": 0.0,
    "support": 4,
    "confused_with": {}
  },
  "throughput.throughput_DL": {
    "precision": 0.4444444444444444,
    "recall": 0.13793103448275862,
    "f1-score": 0.21052631578947367,
    "support": 29,
    "confused_with": {
      "Sector": 1
    }
  },
  "code_site": {
    "precision": 1.0,
    "recall": 1.0,
    "f1-score": 1.0,
    "support": 19,
    "confused_with": {}
  },
  "throughput.throughput_dyn": {
    "precision": 0.0,
    "recall": 0.0,
    "f1-score": 0.0,
    "support": 5,
    "confused_with": {
      "throughput.throughput_DL": 2,
      "time": 1
    }
  },
  "throughput.throughput_ca": {
    "precision": 0.0,
    "recall": 0.0,
    "f1-score": 0.0,
    "support": 13,
    "confused_with": {}
  },
  "Tech2g": {
    "precision": 1.0,
    "recall": 0.75,
    "f1-score": 0.8571428571428571,
    "support": 12,
    "confused_with": {}
  },
  "throughput.throughput_UL": {
    "precision": 0.0,
    "recall": 0.0,
    "f1-score": 0.0,
    "support": 9,
    "confused_with": {
      "throughput.throughput_DL": 3
    }
  },
  "conditions": {
    "precision": 0.0,
    "recall": 0.0,
    "f1-score": 0.0,
    "support": 3,
    "confused_with": {}
  },
  "micro avg": {
    "precision": 0.8539325842696629,
    "recall": 0.4840764331210191,
    "f1-score": 0.6178861788617886,
    "support": 157
  },
  "macro avg": {
    "precision": 0.48996913580246915,
    "recall": 0.373813877693188,
    "f1-score": 0.41651262394296446,
    "support": 157
  },
  "weighted avg": {
    "precision": 0.6280962491153574,
    "recall": 0.4840764331210191,
    "f1-score": 0.5336547264925723,
    "support": 157
  },
  "accuracy": 0.93265465935787
}