{
  "deny": {
    "precision": 0.6923076923076923,
    "recall": 0.5294117647058824,
    "f1-score": 0.5999999999999999,
    "support": 17,
    "confused_with": {
      "mood_unhappy": 3,
      "greet": 2
    }
  },
  "affirm": {
    "precision": 0.4166666666666667,
    "recall": 0.25,
    "f1-score": 0.3125,
    "support": 20,
    "confused_with": {
      "greet": 4,
      "finishing_test": 2
    }
  },
  "ask_Optimisation": {
    "precision": 0.0,
    "recall": 0.0,
    "f1-score": 0.0,
    "support": 2,
    "confused_with": {
      "inform_throughput_good": 2
    }
  },
  "ask_restart": {
    "precision": 0.75,
    "recall": 1.0,
    "f1-score": 0.8571428571428571,
    "support": 6,
    "confused_with": {}
  },
  "Connection": {
    "precision": 1.0,
    "recall": 0.7142857142857143,
    "f1-score": 0.8333333333333333,
    "support": 7,
    "confused_with": {
      "ask_lock": 1,
      "deny": 1
    }
  },
  "greet": {
    "precision": 0.5483870967741935,
    "recall": 0.6538461538461539,
    "f1-score": 0.5964912280701755,
    "support": 26,
    "confused_with": {
      "mood_unhappy": 4,
      "goodbye": 2
    }
  },
  "ask_csrf": {
    "precision": 0.6666666666666666,
    "recall": 0.4,
    "f1-score": 0.5,
    "support": 5,
    "confused_with": {
      "mood_unhappy": 1,
      "inform_site": 1
    }
  },
  "ask_unlock": {
    "precision": 0.7,
    "recall": 0.7777777777777778,
    "f1-score": 0.7368421052631577,
    "support": 9,
    "confused_with": {
      "inform_throughput": 1,
      "check_request": 1
    }
  },
  "ask_help": {
    "precision": 0.42857142857142855,
    "recall": 0.2727272727272727,
    "f1-score": 0.33333333333333326,
    "support": 11,
    "confused_with": {
      "check_request": 2,
      "ask_session_extension": 1
    }
  },
  "mood_great": {
    "precision": 0.4444444444444444,
    "recall": 0.3076923076923077,
    "f1-score": 0.3636363636363637,
    "support": 26,
    "confused_with": {
      "mood_unhappy": 12,
      "greet": 3
    }
  },
  "ask_session_extension": {
    "precision": 0.8823529411764706,
    "recall": 0.9375,
    "f1-score": 0.9090909090909091,
    "support": 16,
    "confused_with": {
      "inform_throughput": 1
    }
  },
  "check_request": {
    "precision": 0.4,
    "recall": 0.3333333333333333,
    "f1-score": 0.3636363636363636,
    "support": 6,
    "confused_with": {
      "ask_unlock": 1,
      "inform_throughput": 1
    }
  },
  "ask_status": {
    "precision": 0.3333333333333333,
    "recall": 0.5,
    "f1-score": 0.4,
    "support": 2,
    "confused_with": {
      "check_all_techs": 1
    }
  },
  "inform_site": {
    "precision": 0.8333333333333334,
    "recall": 0.9375,
    "f1-score": 0.8823529411764706,
    "support": 16,
    "confused_with": {
      "deny": 1
    }
  },
  "ask_Rollback": {
    "precision": 0.9,
    "recall": 1.0,
    "f1-score": 0.9473684210526316,
    "support": 9,
    "confused_with": {}
  },
  "finishing_test": {
    "precision": 0.0,
    "recall": 0.0,
    "f1-score": 0.0,
    "support": 6,
    "confused_with": {
      "affirm": 2,
      "inform_site": 1,
      "ask_Rollback": 1
    }
  },
  "inform_throughput_good": {
    "precision": 0.5833333333333334,
    "recall": 0.7777777777777778,
    "f1-score": 0.6666666666666666,
    "support": 9,
    "confused_with": {
      "inform_throughput": 1,
      "ask_Ret": 1
    }
  },
  "ask_Ret": {
    "precision": 0.9166666666666666,
    "recall": 1.0,
    "f1-score": 0.9565217391304348,
    "support": 11,
    "confused_with": {}
  },
  "inform": {
    "precision": 1.0,
    "recall": 0.25,
    "f1-score": 0.4,
    "support": 4,
    "confused_with": {
      "inform_throughput": 2,
      "check_all_techs": 1
    }
  },
  "ask_lock": {
    "precision": 0.7894736842105263,
    "recall": 0.9375,
    "f1-score": 0.8571428571428572,
    "support": 16,
    "confused_with": {
      "ask_unlock": 1
    }
  },
  "mood_unhappy": {
    "precision": 0.41025641025641024,
    "recall": 0.5925925925925926,
    "f1-score": 0.4848484848484849,
    "support": 27,
    "confused_with": {
      "mood_great": 6,
      "inform_throughput": 2
    }
  },
  "ask_pci": {
    "precision": 1.0,
    "recall": 1.0,
    "f1-score": 1.0,
    "support": 5,
    "confused_with": {}
  },
  "check_all_techs": {
    "precision": 0.6666666666666666,
    "recall": 0.75,
    "f1-score": 0.7058823529411765,
    "support": 8,
    "confused_with": {
      "ask_status": 2
    }
  },
  "bot_challenge": {
    "precision": 0.8888888888888888,
    "recall": 1.0,
    "f1-score": 0.9411764705882353,
    "support": 8,
    "confused_with": {}
  },
  "goodbye": {
    "precision": 0.7142857142857143,
    "recall": 0.6818181818181818,
    "f1-score": 0.6976744186046512,
    "support": 22,
    "confused_with": {
      "inform_throughput_good": 2,
      "greet": 2
    }
  },
  "inform_throughput": {
    "precision": 0.7096774193548387,
    "recall": 0.8461538461538461,
    "f1-score": 0.7719298245614036,
    "support": 26,
    "confused_with": {
      "mood_unhappy": 1,
      "inform_throughput_good": 1
    }
  },
  "accuracy": 0.65625,
  "macro avg": {
    "precision": 0.6413581687283567,
    "recall": 0.6326891047196477,
    "f1-score": 0.6199065642392116,
    "support": 320
  },
  "weighted avg": {
    "precision": 0.6407300896883502,
    "recall": 0.65625,
    "f1-score": 0.6371293944435289,
    "support": 320
  },
  "micro avg": {
    "precision": 0.65625,
    "recall": 0.65625,
    "f1-score": 0.65625,
    "support": 320
  }
}