{
  "Sector": {
    "precision": 1.0,
    "recall": 0.7837837837837838,
    "f1-score": 0.8787878787878788,
    "support": 37,
    "confused_with": {
      "throughput": 1
    }
  },
  "conditions": {
    "precision": 1.0,
    "recall": 0.6666666666666666,
    "f1-score": 0.8,
    "support": 3,
    "confused_with": {}
  },
  "throughput.throughput_DL": {
    "precision": 0.35714285714285715,
    "recall": 0.35714285714285715,
    "f1-score": 0.35714285714285715,
    "support": 14,
    "confused_with": {
      "throughput": 5
    }
  },
  "throughput.throughput_dyn": {
    "precision": 0.0,
    "recall": 0.0,
    "f1-score": 0.0,
    "support": 3,
    "confused_with": {
      "throughput.throughput_DL": 1,
      "throughput": 1
    }
  },
  "throughput.throughput_UL": {
    "precision": 0.0,
    "recall": 0.0,
    "f1-score": 0.0,
    "support": 3,
    "confused_with": {
      "throughput.throughput_DL": 1
    }
  },
  "Tech4g": {
    "precision": 0.9,
    "recall": 0.6666666666666666,
    "f1-score": 0.7659574468085106,
    "support": 27,
    "confused_with": {
      "throughput": 4,
      "Tech3g": 3
    }
  },
  "time": {
    "precision": 0.0,
    "recall": 0.0,
    "f1-score": 0.0,
    "support": 4,
    "confused_with": {
      "throughput": 3
    }
  },
  "Tech3g": {
    "precision": 0.6153846153846154,
    "recall": 0.47058823529411764,
    "f1-score": 0.5333333333333333,
    "support": 17,
    "confused_with": {
      "throughput": 6,
      "Tech4g": 2
    }
  },
  "throughput.throughput_ca": {
    "precision": 0.0,
    "recall": 0.0,
    "f1-score": 0.0,
    "support": 10,
    "confused_with": {
      "throughput": 4,
      "throughput.throughput_DL": 1
    }
  },
  "Tech2g": {
    "precision": 1.0,
    "recall": 0.6190476190476191,
    "f1-score": 0.7647058823529412,
    "support": 21,
    "confused_with": {
      "throughput": 4
    }
  },
  "Person": {
    "precision": 0.0,
    "recall": 0.0,
    "f1-score": 0.0,
    "support": 5,
    "confused_with": {}
  },
  "code_site": {
    "precision": 1.0,
    "recall": 0.8421052631578947,
    "f1-score": 0.9142857142857143,
    "support": 19,
    "confused_with": {
      "throughput": 2
    }
  },
  "micro avg": {
    "precision": 0.8425925925925926,
    "recall": 0.558282208588957,
    "f1-score": 0.6715867158671587,
    "support": 163
  },
  "macro avg": {
    "precision": 0.4893772893772894,
    "recall": 0.3671667576466338,
    "f1-score": 0.4178510927259363,
    "support": 163
  },
  "weighted avg": {
    "precision": 0.7347333647947145,
    "recall": 0.558282208588957,
    "f1-score": 0.6324719101011553,
    "support": 163
  },
  "accuracy": 0.9345570630486831
}