{
  "time": {
    "precision": 0.0,
    "recall": 0.0,
    "f1-score": 0.0,
    "support": 4,
    "confused_with": {}
  },
  "Sector": {
    "precision": 1.0,
    "recall": 0.8461538461538461,
    "f1-score": 0.9166666666666666,
    "support": 26,
    "confused_with": {}
  },
  "throughput.throughput_ca": {
    "precision": 0.0,
    "recall": 0.0,
    "f1-score": 0.0,
    "support": 10,
    "confused_with": {
      "throughput.throughput_DL": 2
    }
  },
  "throughput.throughput_DL": {
    "precision": 0.5,
    "recall": 0.14285714285714285,
    "f1-score": 0.22222222222222224,
    "support": 14,
    "confused_with": {
      "throughput.throughput_dyn": 1
    }
  },
  "Tech2g": {
    "precision": 1.0,
    "recall": 0.6428571428571429,
    "f1-score": 0.782608695652174,
    "support": 14,
    "confused_with": {}
  },
  "Person": {
    "precision": 0.0,
    "recall": 0.0,
    "f1-score": 0.0,
    "support": 5,
    "confused_with": {}
  },
  "code_site": {
    "precision": 1.0,
    "recall": 1.0,
    "f1-score": 1.0,
    "support": 18,
    "confused_with": {}
  },
  "throughput.throughput_dyn": {
    "precision": 0.0,
    "recall": 0.0,
    "f1-score": 0.0,
    "support": 3,
    "confused_with": {
      "throughput": 1
    }
  },
  "throughput.throughput_UL": {
    "precision": 1.0,
    "recall": 0.3333333333333333,
    "f1-score": 0.5,
    "support": 3,
    "confused_with": {}
  },
  "Tech3g": {
    "precision": 1.0,
    "recall": 0.75,
    "f1-score": 0.8571428571428571,
    "support": 12,
    "confused_with": {}
  },
  "Tech4g": {
    "precision": 1.0,
    "recall": 1.0,
    "f1-score": 1.0,
    "support": 15,
    "confused_with": {}
  },
  "micro avg": {
    "precision": 0.9620253164556962,
    "recall": 0.6129032258064516,
    "f1-score": 0.7487684729064039,
    "support": 124
  },
  "macro avg": {
    "precision": 0.5909090909090909,
    "recall": 0.42865467865467866,
    "f1-score": 0.47987640378944724,
    "support": 124
  },
  "weighted avg": {
    "precision": 0.7661290322580645,
    "recall": 0.6129032258064516,
    "f1-score": 0.6668280683007192,
    "support": 124
  },
  "accuracy": 0.9521951219512195
}