{
  "inform_throughput/low": {
    "precision": 0.9583333333333334,
    "recall": 0.9583333333333334,
    "f1-score": 0.9583333333333334,
    "support": 24,
    "confused_with": {
      "inform_throughput/good": 1
    }
  },
  "Connection/cannotconnect": {
    "precision": 0.625,
    "recall": 0.8333333333333334,
    "f1-score": 0.7142857142857143,
    "support": 6,
    "confused_with": {
      "Connection/connected": 1
    }
  },
  "Connection/connected": {
    "precision": 0.6666666666666666,
    "recall": 0.4,
    "f1-score": 0.5,
    "support": 5,
    "confused_with": {
      "Connection/cannotconnect": 3
    }
  },
  "inform_throughput/good": {
    "precision": 0.9375,
    "recall": 0.9375,
    "f1-score": 0.9375,
    "support": 16,
    "confused_with": {
      "inform_throughput/low": 1
    }
  },
  "accuracy": 0.8823529411764706,
  "macro avg": {
    "precision": 0.796875,
    "recall": 0.7822916666666667,
    "f1-score": 0.7775297619047619,
    "support": 51
  },
  "weighted avg": {
    "precision": 0.883986928104575,
    "recall": 0.8823529411764706,
    "f1-score": 0.8781512605042017,
    "support": 51
  },
  "micro avg": {
    "precision": 0.8823529411764706,
    "recall": 0.8823529411764706,
    "f1-score": 0.8823529411764706,
    "support": 51
  }
}