{
  "Tech4g": {
    "precision": 0.9230769230769231,
    "recall": 0.9230769230769231,
    "f1-score": 0.9230769230769231,
    "support": 13,
    "confused_with": {}
  },
  "time": {
    "precision": 0.0,
    "recall": 0.0,
    "f1-score": 0.0,
    "support": 4,
    "confused_with": {}
  },
  "Tech3g": {
    "precision": 1.0,
    "recall": 0.9,
    "f1-score": 0.9473684210526316,
    "support": 10,
    "confused_with": {
      "Tech4g": 1
    }
  },
  "throughput.throughput_ca": {
    "precision": 0.7142857142857143,
    "recall": 0.38461538461538464,
    "f1-score": 0.5,
    "support": 13,
    "confused_with": {
      "time.throughput_ca": 1
    }
  },
  "Tech2g": {
    "precision": 1.0,
    "recall": 0.8181818181818182,
    "f1-score": 0.9,
    "support": 11,
    "confused_with": {}
  },
  "throughput.throughput_dyn": {
    "precision": 0.0,
    "recall": 0.0,
    "f1-score": 0.0,
    "support": 5,
    "confused_with": {
      "throughput.throughput_DL": 3
    }
  },
  "Person": {
    "precision": 0.5,
    "recall": 0.25,
    "f1-score": 0.3333333333333333,
    "support": 8,
    "confused_with": {}
  },
  "code_site": {
    "precision": 1.0,
    "recall": 0.8947368421052632,
    "f1-score": 0.9444444444444444,
    "support": 19,
    "confused_with": {
      "time": 1,
      "Sector": 1
    }
  },
  "throughput.throughput_DL": {
    "precision": 0.5,
    "recall": 0.2,
    "f1-score": 0.28571428571428575,
    "support": 25,
    "confused_with": {
      "throughput.throughput_dyn": 3
    }
  },
  "throughput.throughput_UL": {
    "precision": 0.375,
    "recall": 0.3333333333333333,
    "f1-score": 0.35294117647058826,
    "support": 9,
    "confused_with": {}
  },
  "Sector": {
    "precision": 0.896551724137931,
    "recall": 0.8666666666666667,
    "f1-score": 0.8813559322033899,
    "support": 30,
    "confused_with": {
      "time": 2
    }
  },
  "conditions": {
    "precision": 1.0,
    "recall": 0.6666666666666666,
    "f1-score": 0.8,
    "support": 3,
    "confused_with": {}
  },
  "micro avg": {
    "precision": 0.7758620689655172,
    "recall": 0.6,
    "f1-score": 0.6766917293233082,
    "support": 150
  },
  "macro avg": {
    "precision": 0.6590761967917141,
    "recall": 0.5197731362205047,
    "f1-score": 0.5723528763579663,
    "support": 150
  },
  "weighted avg": {
    "precision": 0.7403817733990148,
    "recall": 0.6,
    "f1-score": 0.6509653401255439,
    "support": 150
  },
  "accuracy": 0.9428104575163399
}