{
  "mood_great": {
    "precision": 0.5142857142857142,
    "recall": 0.6923076923076923,
    "f1-score": 0.5901639344262295,
    "support": 26,
    "confused_with": {
      "mood_unhappy": 4,
      "affirm": 2
    }
  },
  "check_all_techs": {
    "precision": 0.6666666666666666,
    "recall": 0.5,
    "f1-score": 0.5714285714285715,
    "support": 8,
    "confused_with": {
      "Connection": 1,
      "greet": 1
    }
  },
  "ask_session_extension": {
    "precision": 0.8823529411764706,
    "recall": 0.9375,
    "f1-score": 0.9090909090909091,
    "support": 16,
    "confused_with": {
      "inform_throughput": 1
    }
  },
  "inform_throughput_good": {
    "precision": 0.6,
    "recall": 0.3333333333333333,
    "f1-score": 0.42857142857142855,
    "support": 9,
    "confused_with": {
      "inform_throughput": 3,
      "goodbye": 2
    }
  },
  "bot_challenge": {
    "precision": 1.0,
    "recall": 0.875,
    "f1-score": 0.9333333333333333,
    "support": 8,
    "confused_with": {
      "goodbye": 1
    }
  },
  "ask_restart": {
    "precision": 1.0,
    "recall": 0.8333333333333334,
    "f1-score": 0.9090909090909091,
    "support": 6,
    "confused_with": {
      "ask_Rollback": 1
    }
  },
  "ask_Ret": {
    "precision": 1.0,
    "recall": 1.0,
    "f1-score": 1.0,
    "support": 11,
    "confused_with": {}
  },
  "ask_Rollback": {
    "precision": 0.7272727272727273,
    "recall": 0.8888888888888888,
    "f1-score": 0.7999999999999999,
    "support": 9,
    "confused_with": {
      "inform": 1
    }
  },
  "finishing_test": {
    "precision": 1.0,
    "recall": 0.3333333333333333,
    "f1-score": 0.5,
    "support": 6,
    "confused_with": {
      "affirm": 2,
      "deny": 1
    }
  },
  "greet": {
    "precision": 0.6666666666666666,
    "recall": 0.7692307692307693,
    "f1-score": 0.7142857142857142,
    "support": 26,
    "confused_with": {
      "mood_great": 4,
      "mood_unhappy": 1
    }
  },
  "inform_throughput": {
    "precision": 0.6774193548387096,
    "recall": 0.8076923076923077,
    "f1-score": 0.7368421052631579,
    "support": 26,
    "confused_with": {
      "check_request": 2,
      "inform_throughput_good": 1
    }
  },
  "affirm": {
    "precision": 0.38095238095238093,
    "recall": 0.4,
    "f1-score": 0.3902439024390244,
    "support": 20,
    "confused_with": {
      "mood_great": 3,
      "deny": 2
    }
  },
  "ask_Optimisation": {
    "precision": 0.0,
    "recall": 0.0,
    "f1-score": 0.0,
    "support": 2,
    "confused_with": {
      "inform_throughput_good": 1,
      "ask_pci": 1
    }
  },
  "ask_csrf": {
    "precision": 0.0,
    "recall": 0.0,
    "f1-score": 0.0,
    "support": 5,
    "confused_with": {
      "inform_throughput": 1,
      "inform_site": 1,
      "deny": 1
    }
  },
  "mood_unhappy": {
    "precision": 0.72,
    "recall": 0.6666666666666666,
    "f1-score": 0.6923076923076923,
    "support": 27,
    "confused_with": {
      "mood_great": 4,
      "goodbye": 2
    }
  },
  "ask_status": {
    "precision": 0.0,
    "recall": 0.0,
    "f1-score": 0.0,
    "support": 2,
    "confused_with": {
      "ask_Rollback": 1,
      "check_all_techs": 1
    }
  },
  "ask_pci": {
    "precision": 0.7142857142857143,
    "recall": 1.0,
    "f1-score": 0.8333333333333333,
    "support": 5,
    "confused_with": {}
  },
  "goodbye": {
    "precision": 0.6086956521739131,
    "recall": 0.6363636363636364,
    "f1-score": 0.6222222222222223,
    "support": 22,
    "confused_with": {
      "greet": 2,
      "deny": 2
    }
  },
  "check_request": {
    "precision": 0.0,
    "recall": 0.0,
    "f1-score": 0.0,
    "support": 6,
    "confused_with": {
      "ask_lock": 2,
      "ask_unlock": 1,
      "affirm": 1
    }
  },
  "Connection": {
    "precision": 0.25,
    "recall": 0.14285714285714285,
    "f1-score": 0.18181818181818182,
    "support": 7,
    "confused_with": {
      "affirm": 3,
      "inform": 1
    }
  },
  "ask_help": {
    "precision": 0.6666666666666666,
    "recall": 0.36363636363636365,
    "f1-score": 0.4705882352941177,
    "support": 11,
    "confused_with": {
      "greet": 2,
      "Connection": 1
    }
  },
  "ask_lock": {
    "precision": 0.7619047619047619,
    "recall": 1.0,
    "f1-score": 0.8648648648648648,
    "support": 16,
    "confused_with": {}
  },
  "inform": {
    "precision": 0.2,
    "recall": 0.25,
    "f1-score": 0.22222222222222224,
    "support": 4,
    "confused_with": {
      "inform_throughput": 1,
      "ask_Rollback": 1
    }
  },
  "inform_site": {
    "precision": 0.7777777777777778,
    "recall": 0.875,
    "f1-score": 0.823529411764706,
    "support": 16,
    "confused_with": {
      "deny": 1,
      "ask_lock": 1
    }
  },
  "deny": {
    "precision": 0.45,
    "recall": 0.5294117647058824,
    "f1-score": 0.48648648648648646,
    "support": 17,
    "confused_with": {
      "inform_site": 2,
      "mood_great": 2
    }
  },
  "ask_unlock": {
    "precision": 0.8571428571428571,
    "recall": 0.6666666666666666,
    "f1-score": 0.75,
    "support": 9,
    "confused_with": {
      "affirm": 3
    }
  },
  "accuracy": 0.65625,
  "macro avg": {
    "precision": 0.5816188416081164,
    "recall": 0.5577393038083083,
    "f1-score": 0.555016286855504,
    "support": 320
  },
  "weighted avg": {
    "precision": 0.6394325634031929,
    "recall": 0.65625,
    "f1-score": 0.6371694701294667,
    "support": 320
  },
  "micro avg": {
    "precision": 0.65625,
    "recall": 0.65625,
    "f1-score": 0.65625,
    "support": 320
  }
}