{
  "inform_throughput/good": {
    "precision": 0.9375,
    "recall": 0.9375,
    "f1-score": 0.9375,
    "support": 16,
    "confused_with": {
      "inform_throughput/low": 1
    }
  },
  "inform_throughput/low": {
    "precision": 0.9583333333333334,
    "recall": 0.9583333333333334,
    "f1-score": 0.9583333333333334,
    "support": 24,
    "confused_with": {
      "inform_throughput/good": 1
    }
  },
  "Connection/connected": {
    "precision": 0.6,
    "recall": 0.6,
    "f1-score": 0.6,
    "support": 5,
    "confused_with": {
      "Connection/cannotconnect": 2
    }
  },
  "Connection/cannotconnect": {
    "precision": 0.6666666666666666,
    "recall": 0.6666666666666666,
    "f1-score": 0.6666666666666666,
    "support": 6,
    "confused_with": {
      "Connection/connected": 2
    }
  },
  "accuracy": 0.8823529411764706,
  "macro avg": {
    "precision": 0.790625,
    "recall": 0.790625,
    "f1-score": 0.790625,
    "support": 51
  },
  "weighted avg": {
    "precision": 0.8823529411764706,
    "recall": 0.8823529411764706,
    "f1-score": 0.8823529411764706,
    "support": 51
  },
  "micro avg": {
    "precision": 0.8823529411764706,
    "recall": 0.8823529411764706,
    "f1-score": 0.8823529411764706,
    "support": 51
  }
}