{
  "throughput.throughput_DL": {
    "precision": 0.2857142857142857,
    "recall": 0.2857142857142857,
    "f1-score": 0.2857142857142857,
    "support": 14,
    "confused_with": {
      "time": 2
    }
  },
  "Tech2g": {
    "precision": 0.7222222222222222,
    "recall": 0.9285714285714286,
    "f1-score": 0.8125000000000001,
    "support": 14,
    "confused_with": {}
  },
  "throughput.throughput_ca": {
    "precision": 0.4,
    "recall": 0.2,
    "f1-score": 0.26666666666666666,
    "support": 10,
    "confused_with": {
      "throughput": 2
    }
  },
  "throughput.throughput_dyn": {
    "precision": 0.0,
    "recall": 0.0,
    "f1-score": 0.0,
    "support": 3,
    "confused_with": {
      "throughput.throughput_DL": 2
    }
  },
  "Person": {
    "precision": 0.0,
    "recall": 0.0,
    "f1-score": 0.0,
    "support": 5,
    "confused_with": {
      "throughput.throughput_UL": 1
    }
  },
  "Tech3g": {
    "precision": 1.0,
    "recall": 0.5,
    "f1-score": 0.6666666666666666,
    "support": 12,
    "confused_with": {
      "Tech2g": 3,
      "Tech4g": 2
    }
  },
  "conditions": {
    "precision": 1.0,
    "recall": 0.6666666666666666,
    "f1-score": 0.8,
    "support": 3,
    "confused_with": {}
  },
  "Sector": {
    "precision": 0.9285714285714286,
    "recall": 1.0,
    "f1-score": 0.962962962962963,
    "support": 26,
    "confused_with": {}
  },
  "code_site": {
    "precision": 1.0,
    "recall": 1.0,
    "f1-score": 1.0,
    "support": 18,
    "confused_with": {}
  },
  "Tech4g": {
    "precision": 0.8333333333333334,
    "recall": 1.0,
    "f1-score": 0.9090909090909091,
    "support": 15,
    "confused_with": {}
  },
  "time": {
    "precision": 0.0,
    "recall": 0.0,
    "f1-score": 0.0,
    "support": 4,
    "confused_with": {
      "throughput.throughput_DL": 2,
      "Tech4g": 1
    }
  },
  "throughput.throughput_UL": {
    "precision": 0.6666666666666666,
    "recall": 0.6666666666666666,
    "f1-score": 0.6666666666666666,
    "support": 3,
    "confused_with": {
      "time": 1
    }
  },
  "micro avg": {
    "precision": 0.7521367521367521,
    "recall": 0.6929133858267716,
    "f1-score": 0.721311475409836,
    "support": 127
  },
  "macro avg": {
    "precision": 0.5697089947089947,
    "recall": 0.5206349206349207,
    "f1-score": 0.5308556798140132,
    "support": 127
  },
  "weighted avg": {
    "precision": 0.706724159480065,
    "recall": 0.6929133858267716,
    "f1-score": 0.6859454121265145,
    "support": 127
  },
  "accuracy": 0.947075208913649
}