{
  "throughput.throughput_DL": {
    "precision": 0.5,
    "recall": 0.35714285714285715,
    "f1-score": 0.41666666666666663,
    "support": 14,
    "confused_with": {
      "time": 1
    }
  },
  "Tech2g": {
    "precision": 0.7692307692307693,
    "recall": 0.7142857142857143,
    "f1-score": 0.7407407407407408,
    "support": 14,
    "confused_with": {
      "Tech3g": 1
    }
  },
  "throughput.throughput_ca": {
    "precision": 0.5,
    "recall": 0.2,
    "f1-score": 0.28571428571428575,
    "support": 10,
    "confused_with": {
      "throughput": 2
    }
  },
  "throughput.throughput_dyn": {
    "precision": 0.0,
    "recall": 0.0,
    "f1-score": 0.0,
    "support": 3,
    "confused_with": {
      "throughput.throughput_DL": 2
    }
  },
  "Person": {
    "precision": 0.0,
    "recall": 0.0,
    "f1-score": 0.0,
    "support": 5,
    "confused_with": {}
  },
  "Tech3g": {
    "precision": 0.7777777777777778,
    "recall": 0.5833333333333334,
    "f1-score": 0.6666666666666666,
    "support": 12,
    "confused_with": {
      "Tech2g": 3
    }
  },
  "conditions": {
    "precision": 1.0,
    "recall": 1.0,
    "f1-score": 1.0,
    "support": 3,
    "confused_with": {}
  },
  "Sector": {
    "precision": 1.0,
    "recall": 1.0,
    "f1-score": 1.0,
    "support": 26,
    "confused_with": {}
  },
  "code_site": {
    "precision": 1.0,
    "recall": 0.9444444444444444,
    "f1-score": 0.9714285714285714,
    "support": 18,
    "confused_with": {}
  },
  "Tech4g": {
    "precision": 0.9285714285714286,
    "recall": 0.8666666666666667,
    "f1-score": 0.896551724137931,
    "support": 15,
    "confused_with": {
      "Tech3g": 1
    }
  },
  "time": {
    "precision": 0.0,
    "recall": 0.0,
    "f1-score": 0.0,
    "support": 4,
    "confused_with": {
      "throughput.throughput_DL": 2
    }
  },
  "throughput.throughput_UL": {
    "precision": 1.0,
    "recall": 0.6666666666666666,
    "f1-score": 0.8,
    "support": 3,
    "confused_with": {
      "throughput": 1
    }
  },
  "micro avg": {
    "precision": 0.85,
    "recall": 0.6692913385826772,
    "f1-score": 0.7488986784140969,
    "support": 127
  },
  "macro avg": {
    "precision": 0.6229649979649979,
    "recall": 0.5277116402116403,
    "f1-score": 0.5648140546129052,
    "support": 127
  },
  "weighted avg": {
    "precision": 0.7561506734735082,
    "recall": 0.6692913385826772,
    "f1-score": 0.7038963520364553,
    "support": 127
  },
  "accuracy": 0.958217270194986
}