{
  "inform_throughput": {
    "precision": 0.7692307692307693,
    "recall": 1.0,
    "f1-score": 0.8695652173913044,
    "support": 40,
    "confused_with": {}
  },
  "ask_pci": {
    "precision": 0.5714285714285714,
    "recall": 0.8,
    "f1-score": 0.6666666666666666,
    "support": 5,
    "confused_with": {
      "inform_site": 1
    }
  },
  "ask_unlock": {
    "precision": 0.8888888888888888,
    "recall": 0.8888888888888888,
    "f1-score": 0.8888888888888888,
    "support": 9,
    "confused_with": {
      "ask_lock": 1
    }
  },
  "finishing_test": {
    "precision": 0.75,
    "recall": 0.5,
    "f1-score": 0.6,
    "support": 6,
    "confused_with": {
      "mood_great": 1,
      "ask_Rollback": 1
    }
  },
  "affirm": {
    "precision": 0.6666666666666666,
    "recall": 0.36363636363636365,
    "f1-score": 0.4705882352941177,
    "support": 11,
    "confused_with": {
      "deny": 2,
      "mood_great": 1
    }
  },
  "ask_session_extension": {
    "precision": 0.7894736842105263,
    "recall": 0.9375,
    "f1-score": 0.8571428571428572,
    "support": 16,
    "confused_with": {
      "inform_throughput": 1
    }
  },
  "mood_great": {
    "precision": 0.625,
    "recall": 0.7142857142857143,
    "f1-score": 0.6666666666666666,
    "support": 14,
    "confused_with": {
      "inform_throughput": 2,
      "ask_restart": 1
    }
  },
  "deny": {
    "precision": 0.375,
    "recall": 0.375,
    "f1-score": 0.375,
    "support": 8,
    "confused_with": {
      "ask_csrf": 3,
      "mood_great": 1
    }
  },
  "Connection": {
    "precision": 0.8461538461538461,
    "recall": 1.0,
    "f1-score": 0.9166666666666666,
    "support": 11,
    "confused_with": {}
  },
  "ask_csrf": {
    "precision": 0.0,
    "recall": 0.0,
    "f1-score": 0.0,
    "support": 6,
    "confused_with": {
      "deny": 2,
      "ask_status": 2,
      "affirm": 1
    }
  },
  "ask_help": {
    "precision": 0.8,
    "recall": 0.36363636363636365,
    "f1-score": 0.5000000000000001,
    "support": 11,
    "confused_with": {
      "ask_pci": 2,
      "ask_session_extension": 1
    }
  },
  "inform": {
    "precision": 0.6666666666666666,
    "recall": 0.5,
    "f1-score": 0.5714285714285715,
    "support": 4,
    "confused_with": {
      "ask_Rollback": 1,
      "inform_throughput": 1
    }
  },
  "ask_restart": {
    "precision": 0.5,
    "recall": 0.16666666666666666,
    "f1-score": 0.25,
    "support": 6,
    "confused_with": {
      "Connection": 1,
      "ask_help": 1
    }
  },
  "ask_Optimisation": {
    "precision": 0.0,
    "recall": 0.0,
    "f1-score": 0.0,
    "support": 2,
    "confused_with": {
      "inform_throughput": 2
    }
  },
  "inform_site": {
    "precision": 0.7894736842105263,
    "recall": 0.9375,
    "f1-score": 0.8571428571428572,
    "support": 16,
    "confused_with": {
      "Connection": 1
    }
  },
  "ask_Rollback": {
    "precision": 0.7272727272727273,
    "recall": 0.8888888888888888,
    "f1-score": 0.7999999999999999,
    "support": 9,
    "confused_with": {
      "inform_site": 1
    }
  },
  "ask_Ret": {
    "precision": 0.8888888888888888,
    "recall": 0.7272727272727273,
    "f1-score": 0.7999999999999999,
    "support": 11,
    "confused_with": {
      "ask_status": 3
    }
  },
  "greet": {
    "precision": 0.8571428571428571,
    "recall": 0.5454545454545454,
    "f1-score": 0.6666666666666665,
    "support": 11,
    "confused_with": {
      "inform_throughput": 2,
      "mood_great": 1
    }
  },
  "bot_challenge": {
    "precision": 0.0,
    "recall": 0.0,
    "f1-score": 0.0,
    "support": 4,
    "confused_with": {
      "mood_great": 2,
      "ask_session_extension": 2
    }
  },
  "ask_lock": {
    "precision": 0.8235294117647058,
    "recall": 0.875,
    "f1-score": 0.8484848484848485,
    "support": 16,
    "confused_with": {
      "ask_Ret": 1,
      "ask_unlock": 1
    }
  },
  "ask_status": {
    "precision": 0.631578947368421,
    "recall": 0.9230769230769231,
    "f1-score": 0.7499999999999999,
    "support": 13,
    "confused_with": {
      "inform_site": 1
    }
  },
  "goodbye": {
    "precision": 0.8571428571428571,
    "recall": 0.6666666666666666,
    "f1-score": 0.75,
    "support": 9,
    "confused_with": {
      "inform_throughput": 2,
      "inform": 1
    }
  },
  "accuracy": 0.7310924369747899,
  "macro avg": {
    "precision": 0.6283426575925873,
    "recall": 0.5987942612942612,
    "f1-score": 0.5956776428381869,
    "support": 238
  },
  "weighted avg": {
    "precision": 0.7105055050374665,
    "recall": 0.7310924369747899,
    "f1-score": 0.7034977138960677,
    "support": 238
  },
  "micro avg": {
    "precision": 0.7310924369747899,
    "recall": 0.7310924369747899,
    "f1-score": 0.7310924369747899,
    "support": 238
  }
}