{
  "inform_throughput/good": {
    "precision": 0.7894736842105263,
    "recall": 0.9375,
    "f1-score": 0.8571428571428572,
    "support": 16,
    "confused_with": {
      "inform_throughput/low": 1
    }
  },
  "Connection/connected": {
    "precision": 0.8,
    "recall": 0.8,
    "f1-score": 0.8000000000000002,
    "support": 5,
    "confused_with": {
      "Connection/cannotconnect": 1
    }
  },
  "inform_throughput/low": {
    "precision": 0.9523809523809523,
    "recall": 0.8333333333333334,
    "f1-score": 0.888888888888889,
    "support": 24,
    "confused_with": {
      "inform_throughput/good": 4
    }
  },
  "Connection/cannotconnect": {
    "precision": 0.8333333333333334,
    "recall": 0.8333333333333334,
    "f1-score": 0.8333333333333334,
    "support": 6,
    "confused_with": {
      "Connection/connected": 1
    }
  },
  "accuracy": 0.8627450980392157,
  "macro avg": {
    "precision": 0.8437969924812031,
    "recall": 0.8510416666666667,
    "f1-score": 0.84484126984127,
    "support": 51
  },
  "weighted avg": {
    "precision": 0.8723278785198288,
    "recall": 0.8627450980392157,
    "f1-score": 0.8636788048552755,
    "support": 51
  },
  "micro avg": {
    "precision": 0.8627450980392157,
    "recall": 0.8627450980392157,
    "f1-score": 0.8627450980392157,
    "support": 51
  }
}