{
  "throughput.throughput_UL": {
    "precision": 0.6666666666666666,
    "recall": 0.6666666666666666,
    "f1-score": 0.6666666666666666,
    "support": 3,
    "confused_with": {
      "throughput.throughput_ca": 1
    }
  },
  "throughput.throughput_ca": {
    "precision": 0.3333333333333333,
    "recall": 0.1,
    "f1-score": 0.15384615384615383,
    "support": 10,
    "confused_with": {
      "throughput.throughput_DL": 1
    }
  },
  "Person": {
    "precision": 0.0,
    "recall": 0.0,
    "f1-score": 0.0,
    "support": 5,
    "confused_with": {
      "throughput.throughput_UL": 1
    }
  },
  "code_site": {
    "precision": 1.0,
    "recall": 1.0,
    "f1-score": 1.0,
    "support": 19,
    "confused_with": {}
  },
  "Tech4g": {
    "precision": 0.9411764705882353,
    "recall": 0.5925925925925926,
    "f1-score": 0.7272727272727272,
    "support": 27,
    "confused_with": {
      "Tech3g": 10
    }
  },
  "throughput.throughput_DL": {
    "precision": 0.36363636363636365,
    "recall": 0.2857142857142857,
    "f1-score": 0.32,
    "support": 14,
    "confused_with": {
      "time": 1
    }
  },
  "Sector": {
    "precision": 0.8461538461538461,
    "recall": 0.8918918918918919,
    "f1-score": 0.868421052631579,
    "support": 37,
    "confused_with": {}
  },
  "time": {
    "precision": 0.5,
    "recall": 0.25,
    "f1-score": 0.3333333333333333,
    "support": 4,
    "confused_with": {
      "throughput.throughput_DL": 1
    }
  },
  "conditions": {
    "precision": 1.0,
    "recall": 0.6666666666666666,
    "f1-score": 0.8,
    "support": 3,
    "confused_with": {}
  },
  "throughput.throughput_dyn": {
    "precision": 0.0,
    "recall": 0.0,
    "f1-score": 0.0,
    "support": 3,
    "confused_with": {
      "throughput.throughput_DL": 2
    }
  },
  "Tech3g": {
    "precision": 0.5652173913043478,
    "recall": 0.7647058823529411,
    "f1-score": 0.65,
    "support": 17,
    "confused_with": {}
  },
  "Tech2g": {
    "precision": 1.0,
    "recall": 0.7142857142857143,
    "f1-score": 0.8333333333333333,
    "support": 21,
    "confused_with": {
      "throughput.throughput_DL": 1
    }
  },
  "micro avg": {
    "precision": 0.7851851851851852,
    "recall": 0.6503067484662577,
    "f1-score": 0.7114093959731544,
    "support": 163
  },
  "macro avg": {
    "precision": 0.6013486726402327,
    "recall": 0.49437697501422995,
    "f1-score": 0.5294061055903161,
    "support": 163
  },
  "weighted avg": {
    "precision": 0.746947209141049,
    "recall": 0.6503067484662577,
    "f1-score": 0.6814094322424966,
    "support": 163
  },
  "accuracy": 0.945730247406225
}