{
  "throughput.throughput_UL": {
    "precision": 1.0,
    "recall": 0.3333333333333333,
    "f1-score": 0.5,
    "support": 3,
    "confused_with": {
      "throughput.throughput_ca": 1
    }
  },
  "throughput.throughput_ca": {
    "precision": 0.0,
    "recall": 0.0,
    "f1-score": 0.0,
    "support": 10,
    "confused_with": {
      "throughput.throughput_DL": 3,
      "throughput": 1
    }
  },
  "Person": {
    "precision": 0.0,
    "recall": 0.0,
    "f1-score": 0.0,
    "support": 5,
    "confused_with": {}
  },
  "code_site": {
    "precision": 1.0,
    "recall": 0.8947368421052632,
    "f1-score": 0.9444444444444444,
    "support": 19,
    "confused_with": {}
  },
  "Tech4g": {
    "precision": 0.5,
    "recall": 0.5925925925925926,
    "f1-score": 0.5423728813559322,
    "support": 27,
    "confused_with": {
      "Tech3g": 7
    }
  },
  "throughput.throughput_DL": {
    "precision": 0.3,
    "recall": 0.21428571428571427,
    "f1-score": 0.25,
    "support": 14,
    "confused_with": {
      "throughput.throughput_ca": 2
    }
  },
  "Sector": {
    "precision": 0.8857142857142857,
    "recall": 0.8378378378378378,
    "f1-score": 0.8611111111111112,
    "support": 37,
    "confused_with": {}
  },
  "time": {
    "precision": 0.5,
    "recall": 0.25,
    "f1-score": 0.3333333333333333,
    "support": 4,
    "confused_with": {
      "throughput.throughput_DL": 1
    }
  },
  "conditions": {
    "precision": 0.75,
    "recall": 1.0,
    "f1-score": 0.8571428571428571,
    "support": 3,
    "confused_with": {}
  },
  "throughput.throughput_dyn": {
    "precision": 0.0,
    "recall": 0.0,
    "f1-score": 0.0,
    "support": 3,
    "confused_with": {
      "throughput.throughput_DL": 2
    }
  },
  "Tech3g": {
    "precision": 0.5,
    "recall": 0.47058823529411764,
    "f1-score": 0.48484848484848486,
    "support": 17,
    "confused_with": {
      "Tech4g": 8
    }
  },
  "Tech2g": {
    "precision": 0.8666666666666667,
    "recall": 0.6190476190476191,
    "f1-score": 0.7222222222222222,
    "support": 21,
    "confused_with": {
      "Tech4g": 2
    }
  },
  "micro avg": {
    "precision": 0.6838235294117647,
    "recall": 0.5705521472392638,
    "f1-score": 0.6220735785953178,
    "support": 163
  },
  "macro avg": {
    "precision": 0.5251984126984127,
    "recall": 0.43436851454137315,
    "f1-score": 0.45795627787153204,
    "support": 163
  },
  "weighted avg": {
    "precision": 0.6344872918492551,
    "recall": 0.5705521472392638,
    "f1-score": 0.5936409580737334,
    "support": 163
  },
  "accuracy": 0.9345570630486831
}