{
  "inform_throughput/good": {
    "precision": 0.9285714285714286,
    "recall": 0.8125,
    "f1-score": 0.8666666666666666,
    "support": 16,
    "confused_with": {
      "inform_throughput/low": 3
    }
  },
  "inform_throughput/low": {
    "precision": 0.8846153846153846,
    "recall": 0.9583333333333334,
    "f1-score": 0.9199999999999999,
    "support": 24,
    "confused_with": {
      "inform_throughput/good": 1
    }
  },
  "Connection/cannotconnect": {
    "precision": 0.6666666666666666,
    "recall": 0.6666666666666666,
    "f1-score": 0.6666666666666666,
    "support": 6,
    "confused_with": {
      "Connection/connected": 2
    }
  },
  "Connection/connected": {
    "precision": 0.6,
    "recall": 0.6,
    "f1-score": 0.6,
    "support": 5,
    "confused_with": {
      "Connection/cannotconnect": 2
    }
  },
  "accuracy": 0.8431372549019608,
  "macro avg": {
    "precision": 0.76996336996337,
    "recall": 0.759375,
    "f1-score": 0.7633333333333333,
    "support": 51
  },
  "weighted avg": {
    "precision": 0.8448610213316096,
    "recall": 0.8431372549019608,
    "f1-score": 0.8420915032679739,
    "support": 51
  },
  "micro avg": {
    "precision": 0.8431372549019608,
    "recall": 0.8431372549019608,
    "f1-score": 0.8431372549019608,
    "support": 51
  }
}