{
  "time": {
    "precision": 0.0,
    "recall": 0.0,
    "f1-score": 0.0,
    "support": 4,
    "confused_with": {
      "throughput.throughput_DL": 1
    }
  },
  "Tech3g": {
    "precision": 1.0,
    "recall": 0.9,
    "f1-score": 0.9473684210526316,
    "support": 10,
    "confused_with": {
      "Tech4g": 1
    }
  },
  "throughput.throughput_DL": {
    "precision": 0.5333333333333333,
    "recall": 0.5517241379310345,
    "f1-score": 0.5423728813559322,
    "support": 29,
    "confused_with": {
      "throughput.throughput_ca": 6,
      "throughput.throughput_UL": 3
    }
  },
  "throughput.throughput_ca": {
    "precision": 0.38461538461538464,
    "recall": 0.38461538461538464,
    "f1-score": 0.38461538461538464,
    "support": 13,
    "confused_with": {
      "throughput.throughput_DL": 5
    }
  },
  "throughput.throughput_UL": {
    "precision": 0.18181818181818182,
    "recall": 0.2222222222222222,
    "f1-score": 0.19999999999999998,
    "support": 9,
    "confused_with": {
      "throughput.throughput_DL": 3
    }
  },
  "Person": {
    "precision": 0.6666666666666666,
    "recall": 0.5,
    "f1-score": 0.5714285714285715,
    "support": 8,
    "confused_with": {}
  },
  "code_site": {
    "precision": 1.0,
    "recall": 0.9473684210526315,
    "f1-score": 0.972972972972973,
    "support": 19,
    "confused_with": {}
  },
  "throughput.throughput_dyn": {
    "precision": 0.5,
    "recall": 0.6,
    "f1-score": 0.5454545454545454,
    "support": 5,
    "confused_with": {
      "throughput.throughput_DL": 2
    }
  },
  "Sector": {
    "precision": 0.8928571428571429,
    "recall": 0.8333333333333334,
    "f1-score": 0.8620689655172413,
    "support": 30,
    "confused_with": {
      "time": 2
    }
  },
  "Tech4g": {
    "precision": 0.9230769230769231,
    "recall": 1.0,
    "f1-score": 0.9600000000000001,
    "support": 12,
    "confused_with": {}
  },
  "Tech2g": {
    "precision": 1.0,
    "recall": 1.0,
    "f1-score": 1.0,
    "support": 9,
    "confused_with": {}
  },
  "micro avg": {
    "precision": 0.7103448275862069,
    "recall": 0.6959459459459459,
    "f1-score": 0.7030716723549487,
    "support": 148
  },
  "macro avg": {
    "precision": 0.6438516029425121,
    "recall": 0.6308421362867823,
    "f1-score": 0.6351165220361163,
    "support": 148
  },
  "weighted avg": {
    "precision": 0.7148581148581149,
    "recall": 0.6959459459459459,
    "f1-score": 0.7038496927064417,
    "support": 148
  },
  "accuracy": 0.9469387755102041
}