{
  "inform_throughput/low": {
    "precision": 0.7931034482758621,
    "recall": 0.9583333333333334,
    "f1-score": 0.8679245283018867,
    "support": 24,
    "confused_with": {
      "inform_throughput/good": 1
    }
  },
  "inform_throughput/good": {
    "precision": 0.9090909090909091,
    "recall": 0.625,
    "f1-score": 0.7407407407407406,
    "support": 16,
    "confused_with": {
      "inform_throughput/low": 6
    }
  },
  "accuracy": 0.825,
  "macro avg": {
    "precision": 0.8510971786833856,
    "recall": 0.7916666666666667,
    "f1-score": 0.8043326345213136,
    "support": 40
  },
  "weighted avg": {
    "precision": 0.839498432601881,
    "recall": 0.825,
    "f1-score": 0.8170510132774282,
    "support": 40
  },
  "micro avg": {
    "precision": 0.825,
    "recall": 0.825,
    "f1-score": 0.825,
    "support": 40
  }
}