{
  "Tech2g": {
    "precision": 1.0,
    "recall": 0.42857142857142855,
    "f1-score": 0.6,
    "support": 21,
    "confused_with": {}
  },
  "conditions": {
    "precision": 0.0,
    "recall": 0.0,
    "f1-score": 0.0,
    "support": 3,
    "confused_with": {}
  },
  "throughput.throughput_DL": {
    "precision": 1.0,
    "recall": 0.07142857142857142,
    "f1-score": 0.13333333333333333,
    "support": 14,
    "confused_with": {}
  },
  "Sector": {
    "precision": 0.9393939393939394,
    "recall": 0.8378378378378378,
    "f1-score": 0.8857142857142858,
    "support": 37,
    "confused_with": {}
  },
  "throughput.throughput_dyn": {
    "precision": 0.0,
    "recall": 0.0,
    "f1-score": 0.0,
    "support": 3,
    "confused_with": {
      "time": 1
    }
  },
  "Tech3g": {
    "precision": 0.8,
    "recall": 0.47058823529411764,
    "f1-score": 0.5925925925925927,
    "support": 17,
    "confused_with": {}
  },
  "throughput.throughput_ca": {
    "precision": 0.0,
    "recall": 0.0,
    "f1-score": 0.0,
    "support": 10,
    "confused_with": {
      "throughput": 2
    }
  },
  "time": {
    "precision": 0.0,
    "recall": 0.0,
    "f1-score": 0.0,
    "support": 4,
    "confused_with": {}
  },
  "Person": {
    "precision": 0.0,
    "recall": 0.0,
    "f1-score": 0.0,
    "support": 5,
    "confused_with": {}
  },
  "Tech4g": {
    "precision": 1.0,
    "recall": 0.6666666666666666,
    "f1-score": 0.8,
    "support": 27,
    "confused_with": {}
  },
  "throughput.throughput_UL": {
    "precision": 0.0,
    "recall": 0.0,
    "f1-score": 0.0,
    "support": 3,
    "confused_with": {}
  },
  "code_site": {
    "precision": 1.0,
    "recall": 0.9473684210526315,
    "f1-score": 0.972972972972973,
    "support": 19,
    "confused_with": {}
  },
  "micro avg": {
    "precision": 0.9444444444444444,
    "recall": 0.5214723926380368,
    "f1-score": 0.6719367588932806,
    "support": 163
  },
  "macro avg": {
    "precision": 0.47828282828282825,
    "recall": 0.28520509673760447,
    "f1-score": 0.3320510987177654,
    "support": 163
  },
  "weighted avg": {
    "precision": 0.7936047592489309,
    "recall": 0.5214723926380368,
    "f1-score": 0.5975377656359251,
    "support": 163
  },
  "accuracy": 0.9345570630486831
}