{
  "Tech2g": {
    "precision": 1.0,
    "recall": 0.42857142857142855,
    "f1-score": 0.6,
    "support": 21,
    "confused_with": {
      "Tech4g": 10
    }
  },
  "conditions": {
    "precision": 1.0,
    "recall": 0.6666666666666666,
    "f1-score": 0.8,
    "support": 3,
    "confused_with": {}
  },
  "throughput.throughput_DL": {
    "precision": 0.2,
    "recall": 0.21428571428571427,
    "f1-score": 0.20689655172413796,
    "support": 14,
    "confused_with": {
      "throughput": 7
    }
  },
  "Sector": {
    "precision": 0.9393939393939394,
    "recall": 0.8378378378378378,
    "f1-score": 0.8857142857142858,
    "support": 37,
    "confused_with": {}
  },
  "throughput.throughput_dyn": {
    "precision": 0.0,
    "recall": 0.0,
    "f1-score": 0.0,
    "support": 3,
    "confused_with": {
      "throughput.throughput_DL": 2
    }
  },
  "Tech3g": {
    "precision": 0.391304347826087,
    "recall": 0.5294117647058824,
    "f1-score": 0.45,
    "support": 17,
    "confused_with": {
      "Tech4g": 8
    }
  },
  "throughput.throughput_ca": {
    "precision": 0.0,
    "recall": 0.0,
    "f1-score": 0.0,
    "support": 10,
    "confused_with": {
      "throughput.throughput_DL": 4,
      "throughput": 1
    }
  },
  "time": {
    "precision": 0.0,
    "recall": 0.0,
    "f1-score": 0.0,
    "support": 4,
    "confused_with": {
      "throughput.throughput_DL": 1,
      "Tech3g": 1
    }
  },
  "Person": {
    "precision": 0.0,
    "recall": 0.0,
    "f1-score": 0.0,
    "support": 5,
    "confused_with": {}
  },
  "Tech4g": {
    "precision": 0.5,
    "recall": 0.6666666666666666,
    "f1-score": 0.5714285714285715,
    "support": 27,
    "confused_with": {
      "Tech3g": 8
    }
  },
  "throughput.throughput_UL": {
    "precision": 0.0,
    "recall": 0.0,
    "f1-score": 0.0,
    "support": 3,
    "confused_with": {
      "throughput.throughput_DL": 1
    }
  },
  "code_site": {
    "precision": 1.0,
    "recall": 0.8947368421052632,
    "f1-score": 0.9444444444444444,
    "support": 19,
    "confused_with": {
      "Tech3g": 2
    }
  },
  "micro avg": {
    "precision": 0.6592592592592592,
    "recall": 0.5460122699386503,
    "f1-score": 0.5973154362416108,
    "support": 163
  },
  "macro avg": {
    "precision": 0.4192248572683355,
    "recall": 0.3531814100699549,
    "f1-score": 0.37154032110928664,
    "support": 163
  },
  "weighted avg": {
    "precision": 0.6178512249731242,
    "recall": 0.5460122699386503,
    "f1-score": 0.5625214488870084,
    "support": 163
  },
  "accuracy": 0.9337589784517158
}