{
  "Sector": {
    "precision": 0.8666666666666667,
    "recall": 1.0,
    "f1-score": 0.9285714285714286,
    "support": 26,
    "confused_with": {}
  },
  "throughput.throughput_ca": {
    "precision": 0.5,
    "recall": 0.2,
    "f1-score": 0.28571428571428575,
    "support": 10,
    "confused_with": {
      "throughput.throughput_UL": 1
    }
  },
  "throughput.throughput_dyn": {
    "precision": 0.0,
    "recall": 0.0,
    "f1-score": 0.0,
    "support": 3,
    "confused_with": {
      "throughput.throughput_DL": 2
    }
  },
  "throughput.throughput_DL": {
    "precision": 0.5,
    "recall": 0.2857142857142857,
    "f1-score": 0.36363636363636365,
    "support": 14,
    "confused_with": {
      "throughput.throughput_UL": 1
    }
  },
  "throughput.throughput_UL": {
    "precision": 0.0,
    "recall": 0.0,
    "f1-score": 0.0,
    "support": 3,
    "confused_with": {
      "throughput": 1
    }
  },
  "Tech3g": {
    "precision": 0.6666666666666666,
    "recall": 0.8333333333333334,
    "f1-score": 0.7407407407407408,
    "support": 12,
    "confused_with": {
      "Tech4g": 2
    }
  },
  "Person": {
    "precision": 0.0,
    "recall": 0.0,
    "f1-score": 0.0,
    "support": 5,
    "confused_with": {}
  },
  "code_site": {
    "precision": 1.0,
    "recall": 1.0,
    "f1-score": 1.0,
    "support": 18,
    "confused_with": {}
  },
  "conditions": {
    "precision": 0.0,
    "recall": 0.0,
    "f1-score": 0.0,
    "support": 3,
    "confused_with": {}
  },
  "time": {
    "precision": 0.0,
    "recall": 0.0,
    "f1-score": 0.0,
    "support": 4,
    "confused_with": {
      "throughput.throughput_DL": 1,
      "Tech3g": 1
    }
  },
  "Tech2g": {
    "precision": 0.7777777777777778,
    "recall": 0.5,
    "f1-score": 0.6086956521739131,
    "support": 14,
    "confused_with": {
      "Tech4g": 2
    }
  },
  "Tech4g": {
    "precision": 0.7333333333333333,
    "recall": 0.7333333333333333,
    "f1-score": 0.7333333333333333,
    "support": 15,
    "confused_with": {
      "Tech3g": 4
    }
  },
  "micro avg": {
    "precision": 0.7572815533980582,
    "recall": 0.6141732283464567,
    "f1-score": 0.6782608695652175,
    "support": 127
  },
  "macro avg": {
    "precision": 0.42037037037037034,
    "recall": 0.37936507936507935,
    "f1-score": 0.3883909836808388,
    "support": 127
  },
  "weighted avg": {
    "precision": 0.6489938757655292,
    "recall": 0.6141732283464567,
    "f1-score": 0.6181223394506516,
    "support": 127
  },
  "accuracy": 0.9433611884865367
}