{
  "Sector": {
    "precision": 1.0,
    "recall": 1.0,
    "f1-score": 1.0,
    "support": 26,
    "confused_with": {}
  },
  "throughput.throughput_ca": {
    "precision": 1.0,
    "recall": 0.2,
    "f1-score": 0.33333333333333337,
    "support": 10,
    "confused_with": {
      "throughput.throughput_DL": 1
    }
  },
  "throughput.throughput_dyn": {
    "precision": 0.0,
    "recall": 0.0,
    "f1-score": 0.0,
    "support": 3,
    "confused_with": {
      "throughput.throughput_DL": 2
    }
  },
  "throughput.throughput_DL": {
    "precision": 0.6,
    "recall": 0.42857142857142855,
    "f1-score": 0.5,
    "support": 14,
    "confused_with": {}
  },
  "throughput.throughput_UL": {
    "precision": 0.0,
    "recall": 0.0,
    "f1-score": 0.0,
    "support": 3,
    "confused_with": {
      "throughput": 1
    }
  },
  "Tech3g": {
    "precision": 1.0,
    "recall": 0.75,
    "f1-score": 0.8571428571428571,
    "support": 12,
    "confused_with": {
      "Tech4g": 2,
      "code_site": 1
    }
  },
  "Person": {
    "precision": 1.0,
    "recall": 0.2,
    "f1-score": 0.33333333333333337,
    "support": 5,
    "confused_with": {}
  },
  "code_site": {
    "precision": 0.8947368421052632,
    "recall": 0.9444444444444444,
    "f1-score": 0.918918918918919,
    "support": 18,
    "confused_with": {}
  },
  "conditions": {
    "precision": 0.0,
    "recall": 0.0,
    "f1-score": 0.0,
    "support": 3,
    "confused_with": {}
  },
  "time": {
    "precision": 0.0,
    "recall": 0.0,
    "f1-score": 0.0,
    "support": 4,
    "confused_with": {
      "throughput.throughput_DL": 1
    }
  },
  "Tech2g": {
    "precision": 0.5833333333333334,
    "recall": 0.5,
    "f1-score": 0.5384615384615384,
    "support": 14,
    "confused_with": {
      "Tech4g": 6,
      "code_site": 1
    }
  },
  "Tech4g": {
    "precision": 0.5,
    "recall": 0.7333333333333333,
    "f1-score": 0.5945945945945945,
    "support": 15,
    "confused_with": {
      "Tech2g": 2
    }
  },
  "micro avg": {
    "precision": 0.7669902912621359,
    "recall": 0.6220472440944882,
    "f1-score": 0.6869565217391305,
    "support": 127
  },
  "macro avg": {
    "precision": 0.548172514619883,
    "recall": 0.39636243386243386,
    "f1-score": 0.422982047982048,
    "support": 127
  },
  "weighted avg": {
    "precision": 0.7336372427130821,
    "recall": 0.6220472440944882,
    "f1-score": 0.6400286242805927,
    "support": 127
  },
  "accuracy": 0.9480037140204272
}