{
  "Connection": {
    "precision": 0.7272727272727273,
    "recall": 0.7272727272727273,
    "f1-score": 0.7272727272727273,
    "support": 11,
    "confused_with": {
      "affirm": 1,
      "ask_help": 1
    }
  },
  "inform": {
    "precision": 1.0,
    "recall": 0.25,
    "f1-score": 0.4,
    "support": 4,
    "confused_with": {
      "Connection": 1,
      "inform_site": 1
    }
  },
  "ask_Optimisation": {
    "precision": 0.0,
    "recall": 0.0,
    "f1-score": 0.0,
    "support": 2,
    "confused_with": {
      "inform_throughput": 2
    }
  },
  "ask_Rollback": {
    "precision": 0.8,
    "recall": 0.8888888888888888,
    "f1-score": 0.8421052631578948,
    "support": 9,
    "confused_with": {
      "ask_status": 1
    }
  },
  "ask_csrf": {
    "precision": 0.0,
    "recall": 0.0,
    "f1-score": 0.0,
    "support": 6,
    "confused_with": {
      "mood_great": 2,
      "finishing_test": 1,
      "ask_status": 1
    }
  },
  "ask_unlock": {
    "precision": 0.5454545454545454,
    "recall": 0.6666666666666666,
    "f1-score": 0.6,
    "support": 9,
    "confused_with": {
      "ask_lock": 3
    }
  },
  "ask_session_extension": {
    "precision": 0.7777777777777778,
    "recall": 0.875,
    "f1-score": 0.823529411764706,
    "support": 16,
    "confused_with": {
      "inform_throughput": 1,
      "ask_lock": 1
    }
  },
  "goodbye": {
    "precision": 1.0,
    "recall": 0.3333333333333333,
    "f1-score": 0.5,
    "support": 9,
    "confused_with": {
      "inform_throughput": 2,
      "ask_session_extension": 1
    }
  },
  "affirm": {
    "precision": 0.42857142857142855,
    "recall": 0.2727272727272727,
    "f1-score": 0.33333333333333326,
    "support": 11,
    "confused_with": {
      "deny": 2,
      "mood_great": 1
    }
  },
  "ask_status": {
    "precision": 0.75,
    "recall": 0.9230769230769231,
    "f1-score": 0.8275862068965517,
    "support": 13,
    "confused_with": {
      "ask_Rollback": 1
    }
  },
  "inform_throughput": {
    "precision": 0.7659574468085106,
    "recall": 0.9,
    "f1-score": 0.8275862068965516,
    "support": 40,
    "confused_with": {
      "affirm": 1,
      "greet": 1
    }
  },
  "ask_Ret": {
    "precision": 1.0,
    "recall": 0.7272727272727273,
    "f1-score": 0.8421052631578948,
    "support": 11,
    "confused_with": {
      "mood_great": 2,
      "ask_lock": 1
    }
  },
  "ask_help": {
    "precision": 0.3333333333333333,
    "recall": 0.36363636363636365,
    "f1-score": 0.34782608695652173,
    "support": 11,
    "confused_with": {
      "ask_lock": 2,
      "ask_session_extension": 1
    }
  },
  "ask_restart": {
    "precision": 0.6,
    "recall": 0.5,
    "f1-score": 0.5454545454545454,
    "support": 6,
    "confused_with": {
      "greet": 1,
      "ask_help": 1
    }
  },
  "deny": {
    "precision": 0.5,
    "recall": 0.625,
    "f1-score": 0.5555555555555556,
    "support": 8,
    "confused_with": {
      "ask_help": 2,
      "inform_site": 1
    }
  },
  "greet": {
    "precision": 0.5833333333333334,
    "recall": 0.6363636363636364,
    "f1-score": 0.6086956521739131,
    "support": 11,
    "confused_with": {
      "mood_great": 1,
      "ask_help": 1
    }
  },
  "inform_site": {
    "precision": 0.7777777777777778,
    "recall": 0.875,
    "f1-score": 0.823529411764706,
    "support": 16,
    "confused_with": {
      "ask_session_extension": 1,
      "ask_restart": 1
    }
  },
  "mood_great": {
    "precision": 0.5625,
    "recall": 0.6428571428571429,
    "f1-score": 0.6000000000000001,
    "support": 14,
    "confused_with": {
      "inform_site": 2,
      "inform_throughput": 1
    }
  },
  "ask_lock": {
    "precision": 0.65,
    "recall": 0.8125,
    "f1-score": 0.7222222222222223,
    "support": 16,
    "confused_with": {
      "ask_unlock": 3
    }
  },
  "bot_challenge": {
    "precision": 1.0,
    "recall": 0.5,
    "f1-score": 0.6666666666666666,
    "support": 4,
    "confused_with": {
      "mood_great": 1,
      "ask_help": 1
    }
  },
  "finishing_test": {
    "precision": 0.5,
    "recall": 0.3333333333333333,
    "f1-score": 0.4,
    "support": 6,
    "confused_with": {
      "affirm": 2,
      "ask_Rollback": 1
    }
  },
  "ask_pci": {
    "precision": 0.8333333333333334,
    "recall": 1.0,
    "f1-score": 0.9090909090909091,
    "support": 5,
    "confused_with": {}
  },
  "accuracy": 0.6848739495798319,
  "macro avg": {
    "precision": 0.6425141683483077,
    "recall": 0.5842240461558643,
    "f1-score": 0.5864799755620317,
    "support": 238
  },
  "weighted avg": {
    "precision": 0.6774183335487644,
    "recall": 0.6848739495798319,
    "f1-score": 0.6639931499457801,
    "support": 238
  },
  "micro avg": {
    "precision": 0.6848739495798319,
    "recall": 0.6848739495798319,
    "f1-score": 0.6848739495798319,
    "support": 238
  }
}