{
  "time": {
    "precision": 0.0,
    "recall": 0.0,
    "f1-score": 0.0,
    "support": 4,
    "confused_with": {}
  },
  "Tech3g": {
    "precision": 1.0,
    "recall": 0.9,
    "f1-score": 0.9473684210526316,
    "support": 10,
    "confused_with": {
      "Tech4g": 1
    }
  },
  "throughput.throughput_DL": {
    "precision": 0.46153846153846156,
    "recall": 0.20689655172413793,
    "f1-score": 0.28571428571428575,
    "support": 29,
    "confused_with": {
      "throughput": 4
    }
  },
  "throughput.throughput_ca": {
    "precision": 1.0,
    "recall": 0.15384615384615385,
    "f1-score": 0.2666666666666667,
    "support": 13,
    "confused_with": {}
  },
  "throughput.throughput_UL": {
    "precision": 0.0,
    "recall": 0.0,
    "f1-score": 0.0,
    "support": 9,
    "confused_with": {
      "throughput.throughput_DL": 3
    }
  },
  "Person": {
    "precision": 0.5,
    "recall": 0.25,
    "f1-score": 0.3333333333333333,
    "support": 8,
    "confused_with": {}
  },
  "code_site": {
    "precision": 1.0,
    "recall": 1.0,
    "f1-score": 1.0,
    "support": 19,
    "confused_with": {}
  },
  "throughput.throughput_dyn": {
    "precision": 0.0,
    "recall": 0.0,
    "f1-score": 0.0,
    "support": 5,
    "confused_with": {
      "throughput.throughput_DL": 4
    }
  },
  "Sector": {
    "precision": 0.8275862068965517,
    "recall": 0.8,
    "f1-score": 0.8135593220338982,
    "support": 30,
    "confused_with": {}
  },
  "Tech4g": {
    "precision": 0.9230769230769231,
    "recall": 1.0,
    "f1-score": 0.9600000000000001,
    "support": 12,
    "confused_with": {}
  },
  "Tech2g": {
    "precision": 1.0,
    "recall": 1.0,
    "f1-score": 1.0,
    "support": 9,
    "confused_with": {}
  },
  "micro avg": {
    "precision": 0.8137254901960784,
    "recall": 0.5608108108108109,
    "f1-score": 0.6640000000000001,
    "support": 148
  },
  "macro avg": {
    "precision": 0.6102001446829033,
    "recall": 0.48279479141548104,
    "f1-score": 0.5096947298909833,
    "support": 148
  },
  "weighted avg": {
    "precision": 0.704656247759696,
    "recall": 0.5608108108108109,
    "f1-score": 0.5933750776391274,
    "support": 148
  },
  "accuracy": 0.9420408163265306
}