{
  "Tech3g": {
    "precision": 0.9166666666666666,
    "recall": 1.0,
    "f1-score": 0.9565217391304348,
    "support": 22,
    "confused_with": {}
  },
  "throughput.throughput_DL": {
    "precision": 0.0,
    "recall": 0.0,
    "f1-score": 0.0,
    "support": 14,
    "confused_with": {
      "throughput.throughput_dyn": 1
    }
  },
  "Tech2g": {
    "precision": 0.9545454545454546,
    "recall": 0.9130434782608695,
    "f1-score": 0.9333333333333332,
    "support": 23,
    "confused_with": {}
  },
  "throughput.throughput_dyn": {
    "precision": 0.0,
    "recall": 0.0,
    "f1-score": 0.0,
    "support": 3,
    "confused_with": {}
  },
  "throughput.throughput_UL": {
    "precision": 1.0,
    "recall": 0.3333333333333333,
    "f1-score": 0.5,
    "support": 3,
    "confused_with": {}
  },
  "Tech4g": {
    "precision": 0.9545454545454546,
    "recall": 0.8076923076923077,
    "f1-score": 0.875,
    "support": 26,
    "confused_with": {
      "Tech3g": 1
    }
  },
  "Person": {
    "precision": 0.0,
    "recall": 0.0,
    "f1-score": 0.0,
    "support": 4,
    "confused_with": {}
  },
  "Sector": {
    "precision": 0.972972972972973,
    "recall": 0.8780487804878049,
    "f1-score": 0.923076923076923,
    "support": 41,
    "confused_with": {}
  },
  "conditions": {
    "precision": 1.0,
    "recall": 0.5,
    "f1-score": 0.6666666666666666,
    "support": 8,
    "confused_with": {}
  },
  "throughput.throughput_ca": {
    "precision": 0.0,
    "recall": 0.0,
    "f1-score": 0.0,
    "support": 10,
    "confused_with": {
      "throughput.throughput_DL": 1
    }
  },
  "code_site": {
    "precision": 0.9473684210526315,
    "recall": 0.9,
    "f1-score": 0.9230769230769231,
    "support": 20,
    "confused_with": {}
  },
  "micro avg": {
    "precision": 0.9389312977099237,
    "recall": 0.7068965517241379,
    "f1-score": 0.8065573770491804,
    "support": 174
  },
  "macro avg": {
    "precision": 0.6132817245257437,
    "recall": 0.48473799088857417,
    "f1-score": 0.5252432350258437,
    "support": 174
  },
  "weighted avg": {
    "precision": 0.7860842198410257,
    "recall": 0.7068965517241379,
    "f1-score": 0.7379377618882866,
    "support": 174
  },
  "accuracy": 0.9672514619883041
}