{
  "Tech3g": {
    "precision": 0.8181818181818182,
    "recall": 0.6923076923076923,
    "f1-score": 0.7500000000000001,
    "support": 13,
    "confused_with": {
      "throughput": 2,
      "Tech4g": 1
    }
  },
  "throughput.throughput_DL": {
    "precision": 0.3333333333333333,
    "recall": 0.4666666666666667,
    "f1-score": 0.3888888888888889,
    "support": 15,
    "confused_with": {
      "throughput.throughput_ca": 4
    }
  },
  "code_site": {
    "precision": 1.0,
    "recall": 0.9473684210526315,
    "f1-score": 0.972972972972973,
    "support": 19,
    "confused_with": {}
  },
  "Tech2g": {
    "precision": 0.9,
    "recall": 0.6428571428571429,
    "f1-score": 0.75,
    "support": 14,
    "confused_with": {
      "Tech4g": 2,
      "Sector": 2
    }
  },
  "Sector": {
    "precision": 0.8787878787878788,
    "recall": 0.8787878787878788,
    "f1-score": 0.8787878787878788,
    "support": 33,
    "confused_with": {
      "throughput": 1
    }
  },
  "Tech4g": {
    "precision": 0.8235294117647058,
    "recall": 0.875,
    "f1-score": 0.8484848484848485,
    "support": 16,
    "confused_with": {
      "Tech3g": 2
    }
  },
  "time": {
    "precision": 0.0,
    "recall": 0.0,
    "f1-score": 0.0,
    "support": 4,
    "confused_with": {
      "throughput.throughput_DL": 2
    }
  },
  "throughput.throughput_UL": {
    "precision": 0.6666666666666666,
    "recall": 0.5,
    "f1-score": 0.5714285714285715,
    "support": 4,
    "confused_with": {
      "throughput.throughput_DL": 1
    }
  },
  "throughput.throughput_dyn": {
    "precision": 0.0,
    "recall": 0.0,
    "f1-score": 0.0,
    "support": 3,
    "confused_with": {
      "throughput.throughput_DL": 2
    }
  },
  "throughput.throughput_ca": {
    "precision": 0.4,
    "recall": 0.4,
    "f1-score": 0.4000000000000001,
    "support": 10,
    "confused_with": {
      "throughput.throughput_DL": 5
    }
  },
  "Person": {
    "precision": 0.0,
    "recall": 0.0,
    "f1-score": 0.0,
    "support": 5,
    "confused_with": {}
  },
  "micro avg": {
    "precision": 0.7419354838709677,
    "recall": 0.6764705882352942,
    "f1-score": 0.7076923076923077,
    "support": 136
  },
  "macro avg": {
    "precision": 0.5291362826122185,
    "recall": 0.49118070924291024,
    "f1-score": 0.5055057418693782,
    "support": 136
  },
  "weighted avg": {
    "precision": 0.7064669183181292,
    "recall": 0.6764705882352942,
    "f1-score": 0.6869947917742036,
    "support": 136
  },
  "accuracy": 0.9528795811518325
}