{
  "Tech3g": {
    "precision": 0.6521739130434783,
    "recall": 0.6818181818181818,
    "f1-score": 0.6666666666666666,
    "support": 22,
    "confused_with": {
      "throughput": 2
    }
  },
  "throughput.throughput_DL": {
    "precision": 0.42857142857142855,
    "recall": 0.42857142857142855,
    "f1-score": 0.42857142857142855,
    "support": 14,
    "confused_with": {
      "throughput": 1
    }
  },
  "Tech2g": {
    "precision": 1.0,
    "recall": 0.7391304347826086,
    "f1-score": 0.85,
    "support": 23,
    "confused_with": {
      "throughput": 2
    }
  },
  "throughput.throughput_dyn": {
    "precision": 0.0,
    "recall": 0.0,
    "f1-score": 0.0,
    "support": 3,
    "confused_with": {
      "throughput.throughput_DL": 2
    }
  },
  "throughput.throughput_UL": {
    "precision": 0.3333333333333333,
    "recall": 0.3333333333333333,
    "f1-score": 0.3333333333333333,
    "support": 3,
    "confused_with": {
      "throughput.throughput_DL": 1
    }
  },
  "Tech4g": {
    "precision": 0.9,
    "recall": 0.6923076923076923,
    "f1-score": 0.7826086956521738,
    "support": 26,
    "confused_with": {
      "Tech3g": 4
    }
  },
  "Person": {
    "precision": 0.0,
    "recall": 0.0,
    "f1-score": 0.0,
    "support": 4,
    "confused_with": {}
  },
  "Sector": {
    "precision": 0.975,
    "recall": 0.9512195121951219,
    "f1-score": 0.9629629629629629,
    "support": 41,
    "confused_with": {
      "throughput": 1
    }
  },
  "conditions": {
    "precision": 1.0,
    "recall": 1.0,
    "f1-score": 1.0,
    "support": 8,
    "confused_with": {}
  },
  "throughput.throughput_ca": {
    "precision": 0.0,
    "recall": 0.0,
    "f1-score": 0.0,
    "support": 10,
    "confused_with": {
      "throughput.throughput_DL": 3,
      "throughput": 2
    }
  },
  "code_site": {
    "precision": 0.9,
    "recall": 0.9,
    "f1-score": 0.9,
    "support": 20,
    "confused_with": {
      "throughput": 1
    }
  },
  "micro avg": {
    "precision": 0.8356164383561644,
    "recall": 0.7011494252873564,
    "f1-score": 0.7625000000000001,
    "support": 174
  },
  "macro avg": {
    "precision": 0.5626435159043855,
    "recall": 0.5205800530007606,
    "f1-score": 0.538558462471506,
    "support": 174
  },
  "weighted avg": {
    "precision": 0.7685219890054973,
    "recall": 0.7011494252873564,
    "f1-score": 0.7301492772132452,
    "support": 174
  },
  "accuracy": 0.9625730994152046
}