{
  "ask_Ret": {
    "precision": 1.0,
    "recall": 1.0,
    "f1-score": 1.0,
    "support": 11,
    "confused_with": {}
  },
  "affirm": {
    "precision": 0.625,
    "recall": 0.5555555555555556,
    "f1-score": 0.5882352941176471,
    "support": 9,
    "confused_with": {
      "finishing_test": 1,
      "deny": 1
    }
  },
  "ask_help": {
    "precision": 0.6428571428571429,
    "recall": 0.8181818181818182,
    "f1-score": 0.7200000000000001,
    "support": 11,
    "confused_with": {
      "deny": 1,
      "ask_session_extension": 1
    }
  },
  "ask_session_extension": {
    "precision": 0.8888888888888888,
    "recall": 1.0,
    "f1-score": 0.9411764705882353,
    "support": 16,
    "confused_with": {}
  },
  "greet": {
    "precision": 0.8888888888888888,
    "recall": 1.0,
    "f1-score": 0.9411764705882353,
    "support": 8,
    "confused_with": {}
  },
  "ask_unlock": {
    "precision": 0.75,
    "recall": 0.3333333333333333,
    "f1-score": 0.46153846153846156,
    "support": 9,
    "confused_with": {
      "ask_lock": 5,
      "inform_throughput": 1
    }
  },
  "inform_throughput": {
    "precision": 0.9210526315789473,
    "recall": 1.0,
    "f1-score": 0.958904109589041,
    "support": 35,
    "confused_with": {}
  },
  "finishing_test": {
    "precision": 0.75,
    "recall": 0.5,
    "f1-score": 0.6,
    "support": 6,
    "confused_with": {
      "inform_throughput": 2,
      "greet": 1
    }
  },
  "goodbye": {
    "precision": 0.0,
    "recall": 0.0,
    "f1-score": 0.0,
    "support": 6,
    "confused_with": {
      "ask_help": 2,
      "inform_site": 1,
      "deny": 1
    }
  },
  "deny": {
    "precision": 0.625,
    "recall": 0.625,
    "f1-score": 0.625,
    "support": 8,
    "confused_with": {
      "ask_help": 2,
      "ask_status": 1
    }
  },
  "inform_site": {
    "precision": 0.8888888888888888,
    "recall": 1.0,
    "f1-score": 0.9411764705882353,
    "support": 16,
    "confused_with": {}
  },
  "Connection": {
    "precision": 0.9090909090909091,
    "recall": 1.0,
    "f1-score": 0.9523809523809523,
    "support": 10,
    "confused_with": {}
  },
  "ask_lock": {
    "precision": 0.75,
    "recall": 0.9375,
    "f1-score": 0.8333333333333334,
    "support": 16,
    "confused_with": {
      "ask_unlock": 1
    }
  },
  "ask_status": {
    "precision": 0.9230769230769231,
    "recall": 0.9230769230769231,
    "f1-score": 0.9230769230769231,
    "support": 13,
    "confused_with": {
      "inform_site": 1
    }
  },
  "ask_Rollback": {
    "precision": 1.0,
    "recall": 0.8,
    "f1-score": 0.888888888888889,
    "support": 10,
    "confused_with": {
      "affirm": 2
    }
  },
  "accuracy": 0.8478260869565217,
  "macro avg": {
    "precision": 0.7708496182180392,
    "recall": 0.7661765086765087,
    "f1-score": 0.7583258249793303,
    "support": 184
  },
  "weighted avg": {
    "precision": 0.8197268224084585,
    "recall": 0.8478260869565217,
    "f1-score": 0.8256668380765357,
    "support": 184
  },
  "micro avg": {
    "precision": 0.8478260869565217,
    "recall": 0.8478260869565217,
    "f1-score": 0.8478260869565217,
    "support": 184
  }
}