{
  "inform_throughput/good": {
    "precision": 0.9166666666666666,
    "recall": 0.6875,
    "f1-score": 0.7857142857142857,
    "support": 16,
    "confused_with": {
      "inform_throughput/low": 5
    }
  },
  "inform_throughput/low": {
    "precision": 0.8214285714285714,
    "recall": 0.9583333333333334,
    "f1-score": 0.8846153846153847,
    "support": 24,
    "confused_with": {
      "inform_throughput/good": 1
    }
  },
  "accuracy": 0.85,
  "macro avg": {
    "precision": 0.8690476190476191,
    "recall": 0.8229166666666667,
    "f1-score": 0.8351648351648352,
    "support": 40
  },
  "weighted avg": {
    "precision": 0.8595238095238095,
    "recall": 0.85,
    "f1-score": 0.845054945054945,
    "support": 40
  },
  "micro avg": {
    "precision": 0.85,
    "recall": 0.85,
    "f1-score": 0.85,
    "support": 40
  }
}