{
  "Connection/cannotconnect": {
    "precision": 0.8333333333333334,
    "recall": 0.8333333333333334,
    "f1-score": 0.8333333333333334,
    "support": 6,
    "confused_with": {
      "Connection/connected": 1
    }
  },
  "inform_throughput/good": {
    "precision": 0.8333333333333334,
    "recall": 0.9375,
    "f1-score": 0.8823529411764706,
    "support": 16,
    "confused_with": {
      "inform_throughput/low": 1
    }
  },
  "inform_throughput/low": {
    "precision": 0.9583333333333334,
    "recall": 0.8846153846153846,
    "f1-score": 0.9199999999999999,
    "support": 26,
    "confused_with": {
      "inform_throughput/good": 3
    }
  },
  "Connection/connected": {
    "precision": 0.8,
    "recall": 0.8,
    "f1-score": 0.8000000000000002,
    "support": 5,
    "confused_with": {
      "Connection/cannotconnect": 1
    }
  },
  "accuracy": 0.8867924528301887,
  "macro avg": {
    "precision": 0.85625,
    "recall": 0.8638621794871795,
    "f1-score": 0.8589215686274511,
    "support": 53
  },
  "weighted avg": {
    "precision": 0.8915094339622641,
    "recall": 0.8867924528301887,
    "f1-score": 0.8875027746947834,
    "support": 53
  },
  "micro avg": {
    "precision": 0.8867924528301887,
    "recall": 0.8867924528301887,
    "f1-score": 0.8867924528301887,
    "support": 53
  }
}