{
  "throughput.throughput_dyn": {
    "precision": 0.0,
    "recall": 0.0,
    "f1-score": 0.0,
    "support": 3,
    "confused_with": {
      "throughput.throughput_DL": 2
    }
  },
  "Tech3g": {
    "precision": 0.5238095238095238,
    "recall": 0.6470588235294118,
    "f1-score": 0.5789473684210527,
    "support": 17,
    "confused_with": {
      "Tech4g": 6
    }
  },
  "throughput.throughput_UL": {
    "precision": 0.2,
    "recall": 0.3333333333333333,
    "f1-score": 0.25,
    "support": 3,
    "confused_with": {
      "throughput": 1
    }
  },
  "throughput.throughput_ca": {
    "precision": 1.0,
    "recall": 0.2,
    "f1-score": 0.33333333333333337,
    "support": 10,
    "confused_with": {
      "throughput.throughput_UL": 2
    }
  },
  "time": {
    "precision": 0.0,
    "recall": 0.0,
    "f1-score": 0.0,
    "support": 4,
    "confused_with": {
      "throughput.throughput_DL": 2,
      "Tech4g": 1
    }
  },
  "Tech2g": {
    "precision": 1.0,
    "recall": 0.7142857142857143,
    "f1-score": 0.8333333333333333,
    "support": 21,
    "confused_with": {
      "Tech3g": 2
    }
  },
  "code_site": {
    "precision": 1.0,
    "recall": 1.0,
    "f1-score": 1.0,
    "support": 19,
    "confused_with": {}
  },
  "conditions": {
    "precision": 1.0,
    "recall": 1.0,
    "f1-score": 1.0,
    "support": 3,
    "confused_with": {}
  },
  "Person": {
    "precision": 0.0,
    "recall": 0.0,
    "f1-score": 0.0,
    "support": 5,
    "confused_with": {}
  },
  "Tech4g": {
    "precision": 0.72,
    "recall": 0.6666666666666666,
    "f1-score": 0.6923076923076923,
    "support": 27,
    "confused_with": {
      "Tech3g": 6
    }
  },
  "throughput.throughput_DL": {
    "precision": 0.5,
    "recall": 0.35714285714285715,
    "f1-score": 0.41666666666666663,
    "support": 14,
    "confused_with": {
      "time": 1
    }
  },
  "Sector": {
    "precision": 0.967741935483871,
    "recall": 0.8571428571428571,
    "f1-score": 0.909090909090909,
    "support": 35,
    "confused_with": {}
  },
  "micro avg": {
    "precision": 0.7819548872180451,
    "recall": 0.6459627329192547,
    "f1-score": 0.707482993197279,
    "support": 161
  },
  "macro avg": {
    "precision": 0.5759626216077829,
    "recall": 0.4813025210084034,
    "f1-score": 0.5011399419294157,
    "support": 161
  },
  "weighted avg": {
    "precision": 0.7628306189235863,
    "recall": 0.6459627329192547,
    "f1-score": 0.681796654908783,
    "support": 161
  },
  "accuracy": 0.9497206703910615
}