{
  "Tech2g": {
    "precision": 1.0,
    "recall": 0.5833333333333334,
    "f1-score": 0.7368421052631579,
    "support": 12,
    "confused_with": {}
  },
  "throughput.throughput_ca": {
    "precision": 0.0,
    "recall": 0.0,
    "f1-score": 0.0,
    "support": 13,
    "confused_with": {}
  },
  "conditions": {
    "precision": 0.0,
    "recall": 0.0,
    "f1-score": 0.0,
    "support": 3,
    "confused_with": {}
  },
  "Person": {
    "precision": 0.75,
    "recall": 0.375,
    "f1-score": 0.5,
    "support": 8,
    "confused_with": {}
  },
  "code_site": {
    "precision": 1.0,
    "recall": 0.9473684210526315,
    "f1-score": 0.972972972972973,
    "support": 19,
    "confused_with": {}
  },
  "time": {
    "precision": 0.0,
    "recall": 0.0,
    "f1-score": 0.0,
    "support": 4,
    "confused_with": {}
  },
  "throughput.throughput_DL": {
    "precision": 0.8571428571428571,
    "recall": 0.20689655172413793,
    "f1-score": 0.33333333333333326,
    "support": 29,
    "confused_with": {}
  },
  "throughput.throughput_UL": {
    "precision": 0.0,
    "recall": 0.0,
    "f1-score": 0.0,
    "support": 9,
    "confused_with": {
      "throughput": 1
    }
  },
  "Tech3g": {
    "precision": 1.0,
    "recall": 0.5454545454545454,
    "f1-score": 0.7058823529411764,
    "support": 11,
    "confused_with": {}
  },
  "Sector": {
    "precision": 0.8260869565217391,
    "recall": 0.6333333333333333,
    "f1-score": 0.7169811320754716,
    "support": 30,
    "confused_with": {}
  },
  "throughput.throughput_dyn": {
    "precision": 0.0,
    "recall": 0.0,
    "f1-score": 0.0,
    "support": 5,
    "confused_with": {
      "time": 1,
      "throughput.throughput_DL": 1
    }
  },
  "Tech4g": {
    "precision": 1.0,
    "recall": 0.5,
    "f1-score": 0.6666666666666666,
    "support": 14,
    "confused_with": {}
  },
  "micro avg": {
    "precision": 0.8918918918918919,
    "recall": 0.42038216560509556,
    "f1-score": 0.5714285714285714,
    "support": 157
  },
  "macro avg": {
    "precision": 0.5361024844720498,
    "recall": 0.3159488487414985,
    "f1-score": 0.38605654693773156,
    "support": 157
  },
  "weighted avg": {
    "precision": 0.711081220081497,
    "recall": 0.42038216560509556,
    "f1-score": 0.5070237681163151,
    "support": 157
  },
  "accuracy": 0.9232576350822239
}