{
  "throughput.throughput_dyn": {
    "precision": 0.0,
    "recall": 0.0,
    "f1-score": 0.0,
    "support": 3,
    "confused_with": {
      "time": 1,
      "throughput.throughput_DL": 1
    }
  },
  "Sector": {
    "precision": 0.9428571428571428,
    "recall": 0.8918918918918919,
    "f1-score": 0.9166666666666667,
    "support": 37,
    "confused_with": {}
  },
  "throughput.throughput_ca": {
    "precision": 0.0,
    "recall": 0.0,
    "f1-score": 0.0,
    "support": 10,
    "confused_with": {
      "throughput.throughput_DL": 2
    }
  },
  "Tech4g": {
    "precision": 0.9629629629629629,
    "recall": 0.9629629629629629,
    "f1-score": 0.9629629629629629,
    "support": 27,
    "confused_with": {}
  },
  "Tech2g": {
    "precision": 0.8333333333333334,
    "recall": 0.9523809523809523,
    "f1-score": 0.888888888888889,
    "support": 21,
    "confused_with": {}
  },
  "throughput.throughput_UL": {
    "precision": 0.0,
    "recall": 0.0,
    "f1-score": 0.0,
    "support": 3,
    "confused_with": {
      "throughput.throughput_DL": 1
    }
  },
  "Person": {
    "precision": 0.0,
    "recall": 0.0,
    "f1-score": 0.0,
    "support": 5,
    "confused_with": {}
  },
  "Tech3g": {
    "precision": 0.8888888888888888,
    "recall": 0.9411764705882353,
    "f1-score": 0.9142857142857143,
    "support": 17,
    "confused_with": {
      "Tech2g": 1
    }
  },
  "time": {
    "precision": 0.0,
    "recall": 0.0,
    "f1-score": 0.0,
    "support": 4,
    "confused_with": {
      "throughput.throughput_dyn": 1,
      "throughput.throughput_DL": 1
    }
  },
  "code_site": {
    "precision": 1.0,
    "recall": 0.8947368421052632,
    "f1-score": 0.9444444444444444,
    "support": 19,
    "confused_with": {}
  },
  "throughput.throughput_DL": {
    "precision": 0.0,
    "recall": 0.0,
    "f1-score": 0.0,
    "support": 14,
    "confused_with": {
      "time": 3,
      "time.throughput_dyn": 2
    }
  },
  "conditions": {
    "precision": 0.0,
    "recall": 0.0,
    "f1-score": 0.0,
    "support": 3,
    "confused_with": {}
  },
  "micro avg": {
    "precision": 0.8057553956834532,
    "recall": 0.6871165644171779,
    "f1-score": 0.7417218543046358,
    "support": 163
  },
  "macro avg": {
    "precision": 0.38567019400352737,
    "recall": 0.38692909332744213,
    "f1-score": 0.38560405643738976,
    "support": 163
  },
  "weighted avg": {
    "precision": 0.6901645729866589,
    "recall": 0.6871165644171779,
    "f1-score": 0.6875499074885578,
    "support": 163
  },
  "accuracy": 0.9465283320031923
}