{
  "inform_throughput/good": {
    "precision": 0.8333333333333334,
    "recall": 0.9375,
    "f1-score": 0.8823529411764706,
    "support": 16,
    "confused_with": {
      "inform_throughput/low": 1
    }
  },
  "inform_throughput/low": {
    "precision": 0.9545454545454546,
    "recall": 0.875,
    "f1-score": 0.9130434782608695,
    "support": 24,
    "confused_with": {
      "inform_throughput/good": 3
    }
  },
  "accuracy": 0.9,
  "macro avg": {
    "precision": 0.893939393939394,
    "recall": 0.90625,
    "f1-score": 0.8976982097186701,
    "support": 40
  },
  "weighted avg": {
    "precision": 0.906060606060606,
    "recall": 0.9,
    "f1-score": 0.9007672634271099,
    "support": 40
  },
  "micro avg": {
    "precision": 0.9,
    "recall": 0.9,
    "f1-score": 0.9,
    "support": 40
  }
}