{
  "Connection/cannotconnect": {
    "precision": 0.8333333333333334,
    "recall": 0.8333333333333334,
    "f1-score": 0.8333333333333334,
    "support": 6,
    "confused_with": {
      "Connection/connected": 1
    }
  },
  "inform_throughput/low": {
    "precision": 0.9583333333333334,
    "recall": 0.9583333333333334,
    "f1-score": 0.9583333333333334,
    "support": 24,
    "confused_with": {
      "inform_throughput/good": 1
    }
  },
  "Connection/connected": {
    "precision": 0.8,
    "recall": 0.8,
    "f1-score": 0.8000000000000002,
    "support": 5,
    "confused_with": {
      "Connection/cannotconnect": 1
    }
  },
  "inform_throughput/good": {
    "precision": 0.9375,
    "recall": 0.9375,
    "f1-score": 0.9375,
    "support": 16,
    "confused_with": {
      "inform_throughput/low": 1
    }
  },
  "accuracy": 0.9215686274509803,
  "macro avg": {
    "precision": 0.8822916666666667,
    "recall": 0.8822916666666667,
    "f1-score": 0.8822916666666667,
    "support": 51
  },
  "weighted avg": {
    "precision": 0.9215686274509803,
    "recall": 0.9215686274509803,
    "f1-score": 0.9215686274509803,
    "support": 51
  },
  "micro avg": {
    "precision": 0.9215686274509803,
    "recall": 0.9215686274509803,
    "f1-score": 0.9215686274509803,
    "support": 51
  }
}